"Canada - Admissions of Permanent Residents by Country of Citizenship (Q1-Q2 2016 ranking), 1980 - Q2 2016*",,,,,,,,,,,,,,,,,,,,,,,,,,,,,,,,,,,,,
,,,,,,,,,,,,,,,,,,,,,,,,,,,,,,,,,,,,,
Country of Citizenship,1980,1981,1982,1983,1984,1985,1986,1987,1988,1989,1990,1991,1992,1993,1994,1995,1996,1997,1998,1999,2000,2001,2002,2003,2004,2005,2006,2007,2008,2009,2010,2011,2012,2013,2014,2015,Q1-Q2 2016
Philippines," 6,051 "," 5,921 "," 5,249 "," 4,562 "," 3,801 "," 3,150 "," 4,166 "," 7,360 "," 8,639 "," 11,865 "," 12,509 "," 12,718 "," 13,670 "," 20,479 "," 19,532 "," 15,864 "," 13,692 "," 11,549 "," 8,735 "," 9,734 ","10,731","13,833","11,705","12,759","14,003","18,137","18,400","19,833","24,884","28,572","38,614","36,759","34,301","29,532","40,032","50,846","25,064"
India," 8,880 "," 8,670 "," 8,148 "," 7,338 "," 5,704 "," 4,211 "," 7,151 "," 10,189 "," 11,522 "," 10,343 "," 12,041 "," 13,733 "," 13,673 "," 21,496 "," 18,620 "," 18,488 "," 23,859 "," 22,268 "," 17,241 "," 18,974 ","28,535","31,204","31,894","27,135","28,199","36,179","33,773","28,731","28,257","29,452","34,226","27,488","30,920","33,078","38,330","39,530","24,602"
Syria, 315 , 419 , 409 , 269 , 264 , 385 , 493 , 927 , 864 ," 1,454 "," 1,791 "," 1,596 "," 1,172 "," 1,247 ", 965 ," 1,053 ", 942 , 859 , 892 , 823 ,923,"1,066",957,"1,083","1,116","1,458","1,145","1,056",919,917,"1,040","1,005",649,"1,008","2,051","9,853","23,430"
"China, People's Republic of"," 5,123 "," 6,682 "," 3,308 "," 1,863 "," 1,527 "," 1,816 "," 1,960 "," 2,643 "," 2,758 "," 4,323 "," 8,076 "," 14,255 "," 10,846 "," 9,817 "," 13,128 "," 14,398 "," 19,415 "," 20,475 "," 21,049 "," 30,069 ","35,499","36,420","31,924","36,406","36,568","42,568","33,493","27,630","30,031","29,622","30,381","28,491","33,011","34,115","24,626","19,533","14,499"
Pakistan, 978 , 972 ," 1,201 ", 900 , 668 , 514 , 691 ," 1,072 "," 1,334 "," 2,261 "," 2,470 "," 3,079 "," 4,071 "," 4,777 "," 4,666 "," 4,994 "," 9,125 "," 13,073 "," 9,068 "," 9,979 ","15,395","16,705","15,092","13,204","13,399","14,314","13,128","10,123","8,984","7,215","6,812","7,467","11,208","12,611","9,113","11,330","6,488"
United States of America," 9,378 "," 10,030 "," 9,074 "," 7,100 "," 6,661 "," 6,543 "," 7,074 "," 7,705 "," 6,469 "," 6,790 "," 5,892 "," 6,054 "," 6,842 "," 7,435 "," 5,901 "," 4,890 "," 5,515 "," 4,753 "," 4,437 "," 5,196 ","5,429","5,602","4,949","5,543","6,994","8,392","9,612","9,460","10,187","8,995","8,142","7,674","7,870","8,486","8,491","7,522","4,764"
Iran," 1,172 "," 1,429 "," 1,822 "," 1,592 "," 1,977 "," 1,648 "," 1,794 "," 2,989 "," 3,273 "," 3,781 "," 3,655 "," 6,250 "," 6,814 "," 3,959 "," 2,785 "," 3,956 "," 6,205 "," 7,982 "," 7,057 "," 6,208 ","5,878","6,168","8,122","5,917","6,349","5,837","7,481","6,974","6,474","6,581","7,478","7,479","7,525","11,288","16,772","11,669","4,046"
France," 1,729 "," 2,027 "," 2,219 "," 1,490 "," 1,169 "," 1,177 "," 1,298 "," 1,658 "," 2,038 "," 2,332 "," 2,177 "," 2,911 "," 3,487 "," 3,709 "," 2,759 "," 3,332 "," 2,623 "," 2,473 "," 3,214 "," 3,343 ","3,763","3,805","3,464","3,565","4,392","4,429","3,999","4,289","4,532","5,051","4,648","4,080","6,271","5,623","4,716","5,807","3,805"
United Kingdom and Colonies," 22,045 "," 24,796 "," 20,620 "," 10,015 "," 10,170 "," 9,564 "," 9,470 "," 21,337 "," 27,359 "," 23,795 "," 31,668 "," 23,369 "," 34,123 "," 33,719 "," 39,231 "," 30,145 "," 29,322 "," 22,965 "," 10,367 "," 7,045 ","8,827","11,696","8,038","6,788","7,524","7,253","7,136","8,213","8,976","8,872","8,719","6,128","6,172","5,814","5,758","5,451","3,465"
Nigeria, 81 , 60 , 58 , 58 , 78 , 78 , 114 , 149 , 122 , 195 , 181 , 281 , 498 , 428 , 323 , 430 , 531 , 657 , 757 , 966 ,"1,181","1,426","1,403","1,065","1,519","2,236","2,593","2,371","2,108","3,156","3,907","3,102","3,441","4,171","4,160","4,133","2,492"
"Korea, Republic of"," 1,011 "," 1,456 "," 1,572 "," 1,081 ", 847 , 962 ," 1,208 "," 2,338 "," 2,805 "," 2,979 "," 2,087 "," 2,598 "," 3,790 "," 3,819 "," 3,005 "," 3,501 "," 3,250 "," 4,093 "," 4,938 "," 7,108 ","7,615","9,612","7,323","7,110","5,348","5,826","6,210","5,912","7,291","5,874","5,537","4,588","5,315","4,509","4,458","4,091","2,488"
Mexico, 409 , 394 , 491 , 490 , 509 , 425 , 667 , 813 , 916 ," 1,017 "," 1,193 "," 1,134 "," 1,189 "," 1,139 ", 776 , 758 ," 1,234 "," 1,689 "," 1,379 "," 1,679 ","1,653","1,939","1,894","1,754","2,257","2,837","2,844","3,240","2,854","3,092","3,862","3,948","4,227","3,995","4,477","3,231","1,998"
Eritrea, 0 , 0 , 0 , 0 , 0 , 0 , 0 , 0 , 0 , 0 , 0 , 0 , 0 , 0 , 33 , 58 , 100 , 80 , 77 , 79 ,154,221,172,262,414,528,699,699,797,903,931,"1,182","1,335","1,719","1,974","2,171","1,994"
Ukraine, 0 , 0 , 0 , 0 , 0 , 0 , 0 , 0 , 0 , 0 , 0 , 0 , 103 , 761 ," 1,289 "," 1,751 "," 2,684 "," 2,518 "," 2,702 "," 2,836 ","3,345","3,513","3,515","2,757","2,431","2,269","1,970","2,218","1,935","2,364","3,159","2,516","2,263","2,484","2,539","2,378","1,851"
Bangladesh, 83 , 84 , 86 , 81 , 98 , 92 , 486 , 503 , 476 , 387 , 611 ," 1,115 "," 1,655 "," 1,280 "," 1,361 "," 2,042 "," 2,824 "," 3,378 "," 2,202 "," 2,064 ","3,117","3,832","2,944","2,138","2,660","4,171","4,012","2,897","2,939","2,106","4,721","2,694","2,634","3,792","2,233","3,304","1,738"
Egypt, 612 , 660 , 755 , 455 , 447 , 348 , 514 ," 1,017 "," 1,085 "," 1,663 "," 2,365 "," 1,860 "," 1,558 "," 1,598 "," 2,375 "," 2,821 "," 2,561 "," 2,137 "," 1,387 "," 1,378 ","1,640","2,594","2,041","2,237","2,393","2,495","2,190","2,355","3,347","3,495","5,984","4,663","5,550","4,165","3,159","3,763","1,717"
Jamaica," 3,198 "," 2,634 "," 2,661 "," 2,455 "," 2,508 "," 2,938 "," 4,649 "," 5,415 "," 3,924 "," 3,946 "," 4,945 "," 5,056 "," 5,991 "," 6,065 "," 3,913 "," 3,619 "," 3,282 "," 2,847 "," 2,253 "," 2,358 ","2,477","2,834","2,520","2,054","2,237","1,945","1,722","2,141","2,334","2,457","2,321","2,059","2,174","2,480","3,050","3,426","1,651"
Haiti," 1,666 "," 3,692 "," 3,498 "," 2,860 "," 1,418 "," 1,321 "," 1,753 "," 2,132 "," 1,829 "," 2,377 "," 2,379 "," 2,829 "," 2,399 "," 3,655 "," 2,100 "," 2,014 "," 1,955 "," 1,645 "," 1,295 "," 1,439 ","1,628","2,433","2,172","1,929","1,652","1,681","1,619","1,598","2,488","2,079","4,733","6,476","5,856","4,147","3,315","2,727","1,646"
Iraq, 262 , 245 , 260 , 380 , 428 , 231 , 265 , 384 , 619 , 911 , 557 ," 1,013 "," 1,498 "," 2,103 "," 1,500 "," 2,034 "," 2,675 "," 2,564 "," 2,037 "," 2,159 ","2,589","2,818","2,433","1,513","1,796","2,226","1,788","2,406","3,543","5,452","5,941","6,196","4,036","4,912","3,894","3,980","1,482"
Afghanistan, 16 , 39 , 39 , 47 , 71 , 340 , 496 , 741 , 828 ," 1,076 "," 1,028 "," 1,378 "," 1,170 ", 713 , 858 ," 1,537 "," 2,212 "," 2,555 "," 1,999 "," 2,395 ","3,325","4,067","3,697","3,479","2,978","3,436","3,010","2,652","2,110","1,745","1,758","2,204","2,635","2,003","1,489","2,587","1,475"
Israel," 1,403 "," 1,711 "," 1,334 ", 541 , 446 , 680 ," 1,212 "," 1,497 "," 1,389 "," 1,762 "," 1,596 "," 1,358 "," 1,259 "," 1,584 "," 1,699 "," 2,224 "," 2,515 "," 2,998 "," 3,172 "," 2,387 ","2,508","2,435","2,539","2,315","2,788","2,446","2,618","2,401","2,559","2,316","2,756","1,967","2,132","1,945","1,899","2,132","1,466"
Vietnam," 1,191 "," 1,829 "," 2,163 "," 3,404 "," 7,583 "," 5,907 "," 2,741 "," 1,406 "," 1,411 "," 3,004 "," 3,801 "," 5,870 "," 5,416 "," 6,547 "," 5,105 "," 3,723 "," 2,462 "," 1,752 "," 1,631 "," 1,419 ","1,797","2,114","2,286","1,709","1,814","1,852","3,152","2,574","1,784","2,171","1,942","1,723","1,732","2,112","2,494","2,591","1,376"
Colombia, 266 , 326 , 360 , 244 , 235 , 214 , 257 , 376 , 352 , 439 , 614 , 652 , 582 , 464 , 375 , 371 , 381 , 578 , 929 ," 1,306 ","2,260","2,966","3,284","4,317","4,565","6,424","6,535","5,358","5,449","4,655","5,218","4,366","3,736","3,632","2,859","2,181","1,333"
"Congo, Democratic Republic of the", 15 , 16 , 17 , 17 , 28 , 11 , 38 , 66 , 46 , 48 , 116 , 223 , 439 , 404 , 309 , 529 , 796 , 663 , 768 , 937 ,"1,228","1,243","1,100","1,233","1,459","1,508","1,621","1,466","1,396","1,580","1,238","1,217","1,711","2,050","1,749","1,715","1,319"
"Ireland, Republic of", 781 , 895 , 707 , 298 , 327 , 287 , 481 ," 1,078 "," 1,415 "," 1,378 ", 845 , 705 , 533 , 436 , 331 , 231 , 276 , 220 , 170 , 162 ,178,190,177,192,244,224,283,300,412,395,548,524,725,"1,015","1,977","2,081","1,287"
Russia, 0 , 0 , 0 , 0 , 0 , 0 , 0 , 0 , 0 , 0 , 0 , 0 , 172 , 906 ," 1,327 "," 1,819 "," 2,640 "," 3,708 "," 4,388 "," 4,053 ","3,840","4,353","3,941","3,719","3,989","3,972","3,117","2,983","2,690","2,931","2,288","1,963","2,077","2,462","1,772","2,147","1,286"
Algeria, 80 , 67 , 71 , 69 , 63 , 44 , 69 , 132 , 242 , 434 , 491 , 872 , 795 , 717 , 595 ," 1,106 "," 2,054 "," 1,842 "," 2,292 "," 2,389 ","2,865","3,418","3,406","3,071","3,617","3,625","4,806","3,623","4,007","5,391","4,753","4,326","3,762","4,325","3,653","2,835","1,274"
Lebanon," 1,409 "," 1,119 "," 1,159 ", 789 ," 1,253 "," 1,683 "," 2,576 "," 3,803 "," 3,970 "," 7,157 "," 13,568 "," 12,567 "," 6,915 "," 4,902 "," 2,751 "," 2,228 "," 1,919 "," 1,472 "," 1,329 "," 1,594 ","1,902","2,573","2,330","3,177","3,290","3,708","3,802","3,467","3,565","3,078","3,433","3,071","1,614","2,175","2,224","2,135","1,069"
Morocco, 325 , 471 , 447 , 335 , 248 , 328 , 388 , 505 , 685 ," 1,060 "," 1,313 "," 1,390 "," 1,055 "," 1,042 ", 660 ," 1,069 ", 939 ," 1,095 "," 1,262 "," 1,870 ","2,665","4,067","4,173","3,369","3,685","2,939","3,321","4,019","4,225","5,532","6,244","4,391","3,878","3,276","2,491","2,736","1,056"
Ethiopia, 98 , 59 , 54 , 98 , 154 , 157 , 302 , 555 , 690 ," 1,096 ", 890 ," 1,168 "," 1,876 "," 1,779 "," 1,204 ", 870 , 999 , 739 , 563 , 678 ,"1,071","1,061",818,"1,397","1,536","1,505","1,799","1,508","1,611","1,287","1,865","2,163","1,859","1,608","1,339","1,365","1,012"
Australia, 702 , 639 , 484 , 317 , 317 , 319 , 356 , 467 , 410 , 553 , 620 , 640 , 734 , 886 , 702 , 668 , 699 , 623 , 479 , 523 ,598,799,747,876,929,909,875,"1,032","1,018","1,018",933,850,983,"1,120","1,295","1,414","1,007"
"Cameroon, Federal Republic of", 9 , 2 , 16 , 7 , 8 , 13 , 11 , 18 , 20 , 38 , 34 , 66 , 71 , 78 , 67 , 122 , 178 , 104 , 197 , 220 ,244,206,220,295,429,594,681,"1,025","1,278","1,344","1,802","1,636","2,503","2,438","2,107","2,034",963
Brazil, 211 , 220 , 192 , 139 , 145 , 130 , 205 , 244 , 394 , 650 , 650 , 877 ," 1,066 ", 866 , 566 , 572 , 586 , 591 , 531 , 626 ,844,847,745,839,917,969,"1,181","1,745","2,137","2,510","2,598","1,508","1,641","1,712","1,916","1,750",957
Sri Lanka, 185 , 371 , 290 , 197 ," 1,086 ", 845 ," 1,838 "," 4,447 "," 2,779 "," 2,758 "," 3,525 "," 7,266 "," 13,102 "," 9,563 "," 7,150 "," 9,368 "," 6,484 "," 5,415 "," 3,566 "," 4,982 ","6,077","5,860","5,272","4,886","4,489","4,918","4,651","4,097","4,751","4,543","4,420","3,310","3,338","2,394","2,604","1,795",932
Germany," 1,626 "," 1,977 "," 3,062 "," 2,376 "," 1,610 "," 1,441 "," 1,233 "," 1,704 "," 1,482 "," 1,706 "," 1,273 "," 1,273 "," 1,181 "," 1,488 "," 1,255 "," 1,553 "," 1,686 "," 1,397 "," 1,363 "," 1,717 ","1,702","1,455","1,375","1,860","2,019","2,226","2,767","2,448","3,834","3,886","2,955","2,016","1,699","1,216","1,273","1,248",735
Romania, 375 , 438 , 583 , 543 , 524 , 604 , 656 ," 1,202 "," 1,106 "," 1,582 "," 2,252 "," 2,337 "," 3,147 "," 3,676 "," 3,495 "," 4,279 "," 3,909 "," 3,993 "," 3,033 "," 3,538 ","4,532","5,651","5,764","5,540","5,755","5,048","4,468","3,834","2,836","2,076","1,922","1,776","1,588","1,512","1,553","1,183",734
"Somalia, Democratic Republic of", 7 , 10 , 7 , 12 , 14 , 10 , 37 , 190 , 217 , 401 ," 1,059 "," 3,266 "," 5,794 "," 3,734 "," 1,576 "," 2,000 "," 1,541 "," 1,084 "," 1,397 "," 1,652 ","1,562","1,155",723,955,"1,362","1,198","1,061","1,161","1,014","1,214","1,526","1,532","1,574","2,030","1,491","1,157",669
"Ivory Coast, Republic of", 14 , 8 , 10 , 6 , 21 , 23 , 23 , 20 , 17 , 37 , 42 , 62 , 62 , 67 , 68 , 101 , 102 , 67 , 57 , 110 ,118,143,183,119,256,294,431,619,647,668,"1,067",636,"1,023","1,170","1,521","1,361",636
Tunisia, 58 , 51 , 55 , 46 , 51 , 57 , 64 , 86 , 130 , 242 , 326 , 306 , 315 , 245 , 197 , 271 , 256 , 242 , 237 , 323 ,436,788,662,669,763,756,"1,065",869,950,"1,195","1,299","1,443","1,495","1,624","1,472","1,283",630
Poland, 863 ," 2,930 "," 5,881 "," 4,546 "," 3,588 "," 2,819 "," 4,808 "," 6,931 "," 9,211 "," 16,025 "," 17,040 "," 16,028 "," 12,145 "," 6,960 "," 3,550 "," 2,405 "," 2,136 "," 1,758 "," 1,488 "," 1,354 ","1,469","1,602","1,448","1,394","1,533","1,405","1,263","1,235","1,267","1,013",795,720,779,853,773,981,629
Venezuela, 103 , 117 , 174 , 124 , 142 , 165 , 179 , 229 , 279 , 304 , 344 , 487 , 610 , 490 , 334 , 402 , 520 , 686 , 489 , 464 ,443,560,524,699,"1,224","1,211","1,192","1,335","1,240","1,352",998,"1,451","1,366","1,022","1,483",929,595
Cuba, 306 , 41 , 94 , 104 , 101 , 115 , 102 , 139 , 90 , 122 , 135 , 158 , 220 , 374 , 360 , 421 , 508 , 566 , 531 , 696 ,814,947,872,876,868,999,"1,064","1,349","1,300","1,426",963,961,"1,301","1,402","1,079",827,593
Hong Kong, 0 , 0 , 0 , 0 , 0 , 0 , 0 , 0 , 0 , 0 , 0 , 0 , 0 , 0 , 0 , 0 , 0 , 24 , 257 , 400 ,470,377,427,440,535,729,711,674,894,656,623,586,719,775,586,630,587
Moldova, 0 , 0 , 0 , 0 , 0 , 0 , 0 , 0 , 0 , 0 , 0 , 0 , 20 , 70 , 225 , 273 , 230 , 294 , 216 , 199 ,288,513,613,592,628,655,803,"1,099","1,127","1,535","1,988","1,367","1,416","1,232",941,929,583
Japan, 701 , 756 , 598 , 309 , 246 , 198 , 248 , 423 , 324 , 494 , 379 , 506 , 605 , 907 , 956 , 826 , 994 , 924 , 897 ," 1,083 ","1,010","1,092",806,816,973,"1,067","1,212","1,250","1,284","1,193","1,167","1,265","1,210",983,"1,127",995,572
"South Africa, Republic of"," 1,026 "," 1,118 ", 781 , 379 , 271 , 310 , 718 ," 1,470 "," 1,305 "," 1,301 ", 902 , 823 ," 1,059 "," 1,549 "," 2,366 "," 1,455 "," 1,308 "," 1,729 "," 1,350 "," 1,478 ","1,762","1,899","1,500","1,245","1,175",988,"1,111","1,200","1,122","1,190","1,239",959,"1,244","1,238","1,001",961,557
Italy," 1,820 "," 2,057 "," 1,480 ", 820 , 858 , 667 , 731 ," 1,101 ", 885 ," 1,068 ", 895 , 711 , 623 , 663 , 558 , 508 , 476 , 491 , 399 , 410 ,383,410,374,321,334,344,325,316,370,429,434,374,438,545,652,832,548
Turkey, 481 , 874 , 706 , 280 , 338 , 202 , 257 , 397 , 346 , 488 , 767 , 941 ," 1,116 "," 1,316 ", 908 , 732 , 638 , 679 , 777 , 806 ,"1,101","1,184","1,293","1,336","1,736","2,064","1,632","1,463","1,122","1,238","1,492","1,255","1,068",729,717,874,520
Nepal, 1 , 1 , 6 , 1 , 2 , 4 , 13 , 6 , 13 , 4 , 23 , 29 , 32 , 40 , 31 , 66 , 132 , 155 , 104 , 157 ,236,272,363,312,403,607,540,511,581,561,"1,392","1,129","1,185","1,308","1,219","1,500",514
Jordan, 177 , 160 , 155 , 113 , 102 , 179 , 181 , 392 , 489 , 785 , 841 , 807 , 909 ," 1,141 "," 1,173 "," 1,006 "," 1,070 "," 1,317 ", 999 ," 1,218 ","1,510","1,903","1,505","1,604","1,736","1,939","1,826","1,421","1,579","1,235","1,831","1,635","1,206","1,255","1,158","1,112",511
Taiwan," 1,002 ", 977 , 840 , 817 , 675 , 642 , 815 ," 1,585 "," 2,392 "," 3,522 "," 3,860 "," 4,650 "," 7,662 "," 10,076 "," 7,623 "," 7,772 "," 13,333 "," 13,328 "," 7,255 "," 5,473 ","3,534","3,130","2,851","2,158","2,009","3,097","2,818","2,767","2,993","2,475","2,629","1,703",985,768,692,617,463
Portugal," 4,473 "," 3,486 "," 2,432 "," 1,433 "," 1,398 "," 1,451 "," 2,617 "," 7,684 "," 6,888 "," 8,570 "," 8,452 "," 6,286 "," 3,328 "," 2,347 "," 1,599 "," 1,405 "," 1,237 "," 1,167 ", 625 , 458 ,468,531,362,329,336,338,423,403,665,622,629,528,560,630,637,822,460
Stateless," 41,897 "," 15,780 "," 14,562 "," 11,898 "," 13,207 "," 12,604 "," 11,332 "," 13,668 "," 17,397 "," 19,837 "," 19,921 "," 16,017 "," 19,050 "," 16,781 "," 18,155 "," 13,499 "," 10,247 "," 8,132 "," 4,867 "," 2,998 ","2,338","2,040","1,435",922,920,837,839,653,622,541,698,557,484,461,801,857,458
El Salvador, 110 , 295 , 882 ," 2,587 "," 2,666 "," 2,769 "," 3,106 "," 3,558 "," 2,720 "," 2,955 "," 4,384 "," 7,124 "," 5,670 "," 2,977 "," 1,217 ", 722 , 736 , 603 , 477 , 424 ,567,453,473,446,441,435,429,926,"1,114",841,768,692,641,637,700,656,388
Spain, 211 , 299 , 260 , 133 , 137 , 98 , 121 , 176 , 137 , 168 , 122 , 165 , 130 , 160 , 84 , 78 , 105 , 88 , 87 , 81 ,93,79,87,89,133,126,124,136,168,195,174,179,259,330,494,709,379
Croatia, 0 , 0 , 0 , 0 , 0 , 0 , 0 , 0 , 0 , 0 , 0 , 0 , 151 , 938 , 692 , 647 , 541 , 622 , 676 , 993 ,715,376,304,177,151,128,102,102,131,92,91,135,112,125,293,500,364
Dominican Republic, 40 , 53 , 104 , 88 , 97 , 84 , 307 , 446 , 358 , 409 , 363 , 517 , 557 , 646 , 432 , 276 , 306 , 285 , 210 , 254 ,240,262,202,233,270,297,289,309,430,362,455,736,604,589,445,602,337
Mauritius, 306 , 259 , 353 , 170 , 207 , 164 , 325 , 578 , 531 , 399 , 401 , 358 , 336 , 276 , 176 , 147 , 159 , 136 , 159 , 138 ,199,393,349,566,702,696,512,507,714,873,"1,455","1,146",798,"1,203",419,718,330
Hungary, 205 , 310 , 397 , 337 , 310 , 522 , 647 , 676 ," 1,139 ", 979 , 780 , 775 , 795 , 603 , 349 , 306 , 364 , 319 , 337 , 408 ,418,627,537,489,671,516,520,425,382,312,354,287,300,423,536,770,319
New Zealand, 602 , 480 , 364 , 140 , 164 , 148 , 176 , 208 , 200 , 237 , 270 , 227 , 341 , 352 , 234 , 210 , 219 , 181 , 146 , 164 ,212,360,321,345,350,370,318,349,480,520,489,375,417,415,396,331,316
"Netherlands, The"," 1,889 "," 1,858 "," 1,852 ", 716 , 560 , 510 , 539 , 647 , 832 , 825 , 637 , 614 , 609 , 637 , 532 , 596 , 994 , 712 , 653 , 873 ,837,806,676,617,748,813,836,615,819,786,759,585,502,395,422,532,315
Guyana," 2,334 "," 2,943 "," 3,575 "," 2,650 "," 1,932 "," 2,299 "," 3,942 "," 6,174 "," 2,977 "," 3,270 "," 2,824 "," 3,266 "," 2,932 "," 3,399 "," 4,181 "," 3,935 "," 2,324 "," 1,795 "," 1,238 "," 1,366 ","1,301","1,706","1,478","1,411","1,341","1,215","1,286","1,277","1,137","1,180",953,803,671,656,784,540,282
Senegal, 13 , 10 , 9 , 11 , 7 , 11 , 16 , 19 , 17 , 22 , 38 , 71 , 80 , 77 , 49 , 67 , 122 , 82 , 107 , 116 ,121,129,165,171,210,278,416,433,555,669,765,740,948,818,731,649,281
Thailand, 56 , 53 , 113 , 65 , 82 , 66 , 78 , 117 , 147 , 177 , 171 , 219 , 219 , 279 , 237 , 172 , 195 , 152 , 201 , 246 ,255,309,547,439,392,575,500,487,519,512,499,396,296,400,608,484,279
Albania, 1 , 0 , 0 , 0 , 0 , 0 , 1 , 2 , 2 , 3 , 3 , 21 , 56 , 96 , 71 , 63 , 113 , 307 , 574 ," 1,264 ","1,816","1,602","1,021",853,"1,449","1,223",856,702,560,715,560,539,619,603,519,574,278
"Serbia, Republic of", 0 , 0 , 0 , 0 , 0 , 0 , 0 , 0 , 0 , 0 , 0 , 0 , 0 , 0 , 0 , 0 , 0 , 0 , 0 , 0 ,0,0,0,0,0,0,0,46,251,349,243,280,381,295,319,576,271
Peru, 317 , 456 , 401 , 241 , 306 , 328 , 628 , 843 ," 1,237 "," 1,667 "," 1,384 "," 1,522 "," 1,632 "," 1,274 ", 993 , 827 , 845 , 676 , 493 , 560 ,594,849,854,"1,023","1,457","1,653","1,473","1,490","1,094","1,884","1,282",886,787,683,712,559,266
Ghana, 172 , 196 , 98 , 122 , 116 , 172 , 215 , 970 , 408 , 429 , 449 ," 1,134 "," 2,502 "," 2,201 "," 1,341 "," 1,475 "," 1,219 "," 1,274 "," 1,040 ", 845 ,955,782,696,564,737,851,708,688,629,658,802,528,531,518,518,369,264
Kenya, 291 , 296 , 221 , 201 , 218 , 245 , 244 , 628 , 984 ," 1,140 ", 869 , 605 , 529 , 478 , 414 , 434 , 369 , 223 , 203 , 310 ,495,651,629,678,685,692,622,449,453,489,508,585,719,664,455,383,263
Burundi, 0 , 0 , 0 , 0 , 1 , 2 , 1 , 5 , 1 , 14 , 19 , 9 , 19 , 14 , 28 , 126 , 367 , 207 , 94 , 202 ,342,334,364,383,559,625,468,614,448,566,529,604,682,480,517,938,260
"Indonesia, Republic of", 186 , 178 , 252 , 115 , 123 , 100 , 127 , 213 , 270 , 260 , 227 , 252 , 243 , 278 , 262 , 205 , 231 , 166 , 165 , 525 ,"1,137",907,709,515,552,632,613,657,661,504,712,390,395,386,416,377,259
Belgium, 511 , 540 , 519 , 297 , 183 , 181 , 197 , 283 , 333 , 307 , 303 , 216 , 208 , 240 , 201 , 240 , 279 , 227 , 307 , 209 ,369,340,307,320,411,400,302,363,335,358,363,332,401,379,356,359,254
Greece," 1,065 ", 953 , 897 , 633 , 580 , 584 , 547 , 765 , 564 , 773 , 538 , 592 , 492 , 445 , 275 , 220 , 221 , 190 , 141 , 149 ,150,135,107,117,120,100,74,110,106,118,101,102,146,299,373,477,249
Palestinian Authority (Gaza/West Bank), 0 , 0 , 0 , 0 , 0 , 0 , 0 , 0 , 0 , 0 , 0 , 0 , 0 , 0 , 0 , 0 , 8 , 26 , 146 , 180 ,237,340,265,323,376,451,626,440,481,399,652,555,531,462,443,553,231
St. Vincent and the Grenadines, 147 , 190 , 202 , 154 , 158 , 182 , 209 , 216 , 133 , 133 , 179 , 288 , 290 , 370 , 187 , 243 , 256 , 272 , 193 , 209 ,279,287,240,199,294,343,382,578,433,511,434,451,523,539,607,490,225
Malaysia, 786 , 816 , 813 , 448 , 384 , 374 , 425 , 817 ," 2,072 "," 2,346 "," 1,917 "," 1,338 "," 1,486 "," 1,000 ", 727 , 490 , 382 , 319 , 214 , 299 ,360,460,482,419,401,592,580,600,658,642,800,409,356,204,336,332,224
Bulgaria, 24 , 20 , 12 , 33 , 11 , 24 , 33 , 52 , 43 , 85 , 172 , 611 ," 1,116 ", 965 , 687 , 762 , 825 , 732 , 779 , 832 ,"1,170","1,283","1,517","1,507","2,021","1,737","1,419","1,172",994,784,556,365,451,512,451,371,213
Myanmar (Burma), 80 , 62 , 46 , 31 , 41 , 23 , 18 , 33 , 55 , 77 , 133 , 104 , 62 , 100 , 172 , 199 , 229 , 205 , 68 , 98 ,120,113,159,262,191,207,952,"1,887",975,"1,152",556,365,193,262,440,439,211
"Sudan, Democratic Republic of", 20 , 12 , 11 , 7 , 23 , 32 , 57 , 43 , 54 , 98 , 151 , 230 , 510 , 432 , 361 , 492 , 714 , 832 , 639 , 589 ,911,"1,104","1,496","1,870","1,827","1,310","1,039",684,620,422,613,530,444,343,484,359,210
Libya, 5 , 7 , 9 , 24 , 10 , 31 , 23 , 81 , 43 , 77 , 47 , 86 , 89 , 85 , 74 , 116 , 128 , 156 , 113 , 157 ,208,228,210,153,197,196,281,198,306,282,384,352,299,255,298,244,208
Honduras, 26 , 33 , 30 , 68 , 65 , 69 , 81 , 135 , 111 , 138 , 187 , 688 , 840 , 551 , 291 , 270 , 299 , 225 , 167 , 173 ,201,180,143,105,133,166,165,165,185,169,385,538,436,350,402,422,200
"Trinidad and Tobago, Republic of", 958 , 947 , 972 , 766 , 606 , 699 , 955 ," 1,676 "," 2,218 "," 3,054 "," 2,843 "," 3,026 "," 4,374 "," 4,246 "," 2,338 "," 2,591 "," 2,198 "," 1,748 "," 1,189 "," 1,166 ",899,903,928,706,731,857,794,975,"1,002","1,135",914,588,579,427,430,348,188
"Guinea, Republic of", 0 , 3 , 3 , 6 , 4 , 3 , 5 , 14 , 12 , 17 , 10 , 44 , 36 , 32 , 16 , 49 , 61 , 38 , 107 , 100 ,168,177,205,196,281,255,341,415,327,347,395,353,406,462,365,244,184
Slovak Republic, 0 , 0 , 0 , 0 , 0 , 0 , 0 , 0 , 0 , 0 , 0 , 1 , 0 , 113 , 103 , 143 , 232 , 236 , 289 , 500 ,460,585,615,501,597,369,241,215,125,128,135,134,136,105,161,208,183
Belarus, 0 , 0 , 0 , 0 , 0 , 0 , 0 , 0 , 0 , 0 , 0 , 0 , 12 , 40 , 114 , 118 , 156 , 349 , 540 , 426 ,515,430,435,435,543,558,439,568,524,454,438,357,277,247,175,214,179
Czech Republic, 0 , 0 , 0 , 0 , 0 , 0 , 0 , 0 , 0 , 0 , 0 , 1 , 0 , 107 , 155 , 128 , 149 , 182 , 206 , 524 ,469,290,226,182,191,193,146,137,104,159,168,128,173,174,224,281,179
Kazakhstan, 0 , 0 , 0 , 0 , 0 , 0 , 0 , 0 , 0 , 0 , 0 , 0 , 3 , 24 , 42 , 56 , 152 , 593 , 884 , 537 ,449,500,420,542,545,506,408,436,394,431,377,381,462,347,293,327,178
St. Lucia, 69 , 89 , 133 , 69 , 68 , 80 , 95 , 92 , 77 , 76 , 95 , 126 , 120 , 142 , 76 , 100 , 111 , 84 , 57 , 83 ,94,116,81,89,110,185,190,255,298,257,249,261,382,392,505,437,170
"Benin, Peoples Republic of", 2 , 5 , 4 , 3 , 4 , 3 , 6 , 4 , 20 , 14 , 13 , 13 , 25 , 25 , 18 , 15 , 29 , 32 , 19 , 37 ,35,66,70,78,112,95,116,183,205,238,290,284,390,397,242,259,165
Rwanda, 6 , 6 , 8 , 4 , 3 , 0 , 9 , 3 , 12 , 11 , 16 , 18 , 53 , 68 , 73 , 159 , 227 , 144 , 192 , 410 ,383,285,215,290,299,377,360,420,358,415,396,492,562,415,335,362,165
Zimbabwe, 72 , 114 , 102 , 44 , 32 , 29 , 43 , 68 , 99 , 187 , 129 , 94 , 61 , 72 , 78 , 58 , 39 , 44 , 43 , 49 ,98,110,191,669,"1,450",615,454,663,611,508,494,434,437,408,332,238,164
Argentina, 368 , 426 , 626 , 241 , 237 , 196 , 213 , 519 , 374 , 538 , 678 , 763 ," 1,023 "," 1,022 ", 366 , 380 , 396 , 391 , 349 , 318 ,427,635,863,"1,745","1,592","1,153",847,620,540,467,459,278,263,282,214,237,162
"Togo, Republic of", 5 , 5 , 2 , 3 , 6 , 5 , 8 , 23 , 11 , 14 , 17 , 23 , 39 , 38 , 18 , 49 , 75 , 52 , 53 , 52 ,57,94,105,106,163,157,149,235,351,400,354,261,299,315,248,258,160
Chile," 1,233 "," 1,069 "," 1,078 ", 781 , 681 , 533 , 633 ," 1,454 ", 990 ," 1,023 "," 1,286 "," 1,749 "," 1,175 ", 697 , 352 , 273 , 244 , 325 , 376 , 397 ,366,369,400,347,383,384,427,530,350,376,340,174,291,273,299,258,145
Singapore, 241 , 301 , 337 , 169 , 128 , 139 , 205 , 372 , 808 ," 1,269 ", 843 , 657 , 492 , 474 , 375 , 407 , 409 , 287 , 231 , 437 ,444,473,588,391,311,392,298,689,734,366,805,219,145,141,179,255,140
Switzerland, 806 , 811 , 634 , 370 , 326 , 314 , 294 , 565 , 508 , 523 , 505 , 602 , 666 , 728 , 475 , 687 , 823 , 666 , 510 , 536 ,471,383,276,346,337,269,258,308,357,328,287,266,243,200,203,236,136
Armenia, 0 , 0 , 0 , 0 , 0 , 0 , 0 , 0 , 0 , 0 , 0 , 0 , 22 , 21 , 66 , 75 , 102 , 115 , 89 , 112 ,124,87,132,153,147,224,218,198,205,267,252,236,258,208,205,303,134
Burkina-Faso, 2 , 1 , 3 , 2 , 3 , 2 , 7 , 18 , 6 , 4 , 4 , 22 , 21 , 19 , 3 , 12 , 16 , 23 , 14 , 20 ,31,46,37,34,97,91,147,136,139,162,186,144,269,322,339,236,134
"Djibouti, Republic of", 0 , 1 , 1 , 5 , 1 , 0 , 4 , 2 , 4 , 6 , 10 , 14 , 34 , 23 , 10 , 13 , 19 , 28 , 30 , 85 ,145,96,62,43,67,93,68,50,47,70,123,127,164,204,99,147,130
Ecuador, 238 , 207 , 184 , 155 , 179 , 208 , 240 , 344 , 265 , 278 , 552 , 643 , 644 , 547 , 431 , 368 , 310 , 317 , 295 , 291 ,337,353,417,362,417,491,524,419,437,374,353,348,279,418,334,215,128
Cambodia, 12 , 19 , 26 , 33 , 10 , 7 , 8 , 14 , 15 , 27 , 34 , 38 , 93 , 418 , 371 , 286 , 216 , 313 , 241 , 165 ,244,259,229,277,348,370,529,460,354,203,200,196,233,289,237,205,123
Lithuania, 1 , 1 , 0 , 0 , 0 , 1 , 0 , 0 , 1 , 1 , 5 , 11 , 43 , 63 , 84 , 103 , 87 , 114 , 74 , 96 ,116,183,125,194,220,166,112,108,109,63,57,52,77,145,154,133,123
Uzbekistan, 0 , 0 , 0 , 0 , 0 , 0 , 0 , 0 , 0 , 0 , 0 , 0 , 12 , 44 , 33 , 34 , 58 , 75 , 97 , 106 ,101,102,143,155,175,330,262,284,215,288,289,162,234,167,164,189,121
Kyrgyzstan, 0 , 0 , 0 , 0 , 0 , 0 , 0 , 0 , 0 , 0 , 0 , 0 , 0 , 7 , 8 , 10 , 8 , 43 , 63 , 68 ,56,95,124,99,245,173,161,135,167,173,157,159,278,123,126,132,118
Guatemala, 114 , 108 , 113 , 366 , 598 , 975 ," 1,265 "," 1,060 ", 702 , 773 ," 1,023 "," 2,156 "," 1,906 "," 1,392 ", 757 , 640 , 655 , 519 , 358 , 287 ,328,269,242,179,217,190,230,256,263,264,265,289,358,348,317,240,114
"Kosovo, Republic of", 0 , 0 , 0 , 0 , 0 , 0 , 0 , 0 , 0 , 0 , 0 , 0 , 0 , 0 , 0 , 0 , 0 , 0 , 0 , 0 ,0,0,0,0,0,0,0,0,5,110,226,208,147,171,167,227,111
"Mali, Republic of", 4 , 4 , 7 , 3 , 3 , 4 , 3 , 5 , 4 , 7 , 13 , 31 , 90 , 51 , 35 , 36 , 67 , 26 , 43 , 30 ,66,67,62,72,87,87,114,143,154,164,170,155,191,190,195,190,106
Saudi Arabia, 0 , 0 , 1 , 4 , 1 , 2 , 5 , 7 , 29 , 41 , 22 , 47 , 71 , 55 , 43 , 40 , 84 , 78 , 71 , 74 ,89,98,71,70,128,198,252,188,249,246,330,278,286,267,232,196,103
Fiji, 632 , 705 , 814 , 554 , 389 , 446 , 361 , 523 , 561 , 736 ," 1,172 "," 1,619 "," 1,782 "," 1,317 "," 1,016 ", 674 , 621 , 448 , 388 , 360 ,458,643,611,561,495,298,277,304,321,311,398,316,270,228,254,222,102
Yemen, 3 , 6 , 1 , 6 , 9 , 20 , 9 , 14 , 8 , 22 , 21 , 31 , 47 , 46 , 51 , 73 , 144 , 121 , 141 , 134 ,122,181,162,96,112,153,130,122,129,128,211,159,174,217,149,206,98
Bosnia-Herzegovina, 0 , 0 , 0 , 0 , 0 , 0 , 0 , 0 , 0 , 0 , 0 , 0 , 258 ," 2,095 "," 2,090 "," 3,006 "," 2,599 "," 2,214 "," 2,789 "," 2,737 ",853,801,433,267,188,210,217,209,182,156,168,140,121,119,147,195,92
Uganda, 13 , 16 , 17 , 38 , 32 , 29 , 40 , 70 , 60 , 47 , 75 , 69 , 143 , 79 , 54 , 91 , 62 , 43 , 40 , 51 ,64,94,90,117,160,239,201,170,204,185,216,213,222,204,170,182,92
Sweden, 281 , 308 , 222 , 176 , 128 , 158 , 187 , 198 , 171 , 182 , 130 , 167 , 179 , 203 , 192 , 176 , 161 , 151 , 123 , 170 ,138,184,149,161,129,205,139,193,165,167,159,133,140,140,157,176,85
Latvia, 0 , 0 , 0 , 0 , 0 , 0 , 1 , 0 , 0 , 0 , 10 , 17 , 23 , 47 , 80 , 73 , 67 , 123 , 119 , 127 ,130,173,156,110,94,77,69,88,67,85,70,103,199,215,163,130,81
Madagascar, 22 , 10 , 13 , 32 , 30 , 18 , 10 , 42 , 36 , 27 , 28 , 37 , 34 , 55 , 16 , 30 , 35 , 56 , 48 , 34 ,32,57,59,48,79,88,96,115,118,169,178,148,165,229,112,115,81
Azerbaijan, 0 , 0 , 0 , 0 , 0 , 0 , 0 , 0 , 0 , 0 , 0 , 0 , 0 , 17 , 18 , 23 , 26 , 38 , 62 , 54 ,77,98,186,167,230,359,236,203,125,165,209,137,160,57,63,112,80
Macedonia, 0 , 0 , 0 , 0 , 0 , 0 , 0 , 0 , 0 , 0 , 0 , 0 , 0 , 65 , 225 , 193 , 138 , 71 , 106 , 180 ,237,291,353,638,442,285,256,211,191,198,188,130,126,112,117,220,78
Costa Rica, 28 , 35 , 42 , 51 , 75 , 113 , 79 , 116 , 104 , 92 , 99 , 156 , 216 , 184 , 83 , 89 , 118 , 135 , 103 , 100 ,106,134,106,105,165,188,279,281,246,217,190,149,183,122,165,121,69
Barbados, 372 , 376 , 299 , 244 , 265 , 285 , 251 , 303 , 265 , 275 , 327 , 373 , 336 , 380 , 179 , 211 , 176 , 153 , 139 , 114 ,121,148,122,73,90,111,97,130,134,125,121,97,132,97,133,140,68
"Congo, People's Republic of the", 2 , 0 , 1 , 0 , 1 , 2 , 4 , 1 , 1 , 5 , 3 , 6 , 13 , 4 , 14 , 11 , 15 , 25 , 44 , 102 ,119,106,84,112,142,134,143,87,72,69,75,81,91,114,84,131,67
Bhutan, 0 , 0 , 0 , 0 , 1 , 0 , 0 , 0 , 0 , 1 , 0 , 2 , 2 , 1 , 1 , 4 , 2 , 2 , 1 , 3 ,6,6,8,7,1,5,10,7,36,865,"1,464","1,879","1,075",487,356,387,65
Georgia, 0 , 0 , 0 , 0 , 0 , 0 , 0 , 0 , 0 , 0 , 0 , 0 , 8 , 22 , 27 , 67 , 49 , 46 , 92 , 46 ,83,124,123,127,106,114,125,132,112,128,126,139,148,125,102,103,65
Austria, 234 , 238 , 201 , 117 , 127 , 165 , 196 , 265 , 198 , 227 , 158 , 189 , 131 , 132 , 133 , 153 , 191 , 152 , 190 , 117 ,97,133,87,113,118,122,102,98,91,109,124,84,102,90,98,118,60
Bolivia, 44 , 52 , 42 , 49 , 38 , 44 , 79 , 165 , 63 , 68 , 71 , 214 , 247 , 180 , 75 , 61 , 96 , 43 , 33 , 42 ,32,72,57,59,85,134,139,107,142,214,180,86,83,107,95,74,59
Grenada, 154 , 181 , 231 , 165 , 167 , 168 , 235 , 302 , 165 , 170 , 172 , 268 , 434 , 492 , 235 , 364 , 366 , 387 , 330 , 294 ,372,354,259,222,296,283,363,360,284,325,208,173,142,170,137,115,57
"Chad, Republic of", 0 , 0 , 1 , 0 , 0 , 1 , 2 , 3 , 7 , 14 , 8 , 2 , 10 , 13 , 6 , 5 , 38 , 26 , 30 , 122 ,148,90,75,64,92,125,96,131,95,87,98,79,97,86,82,87,50
Sierra Leone, 6 , 6 , 7 , 3 , 12 , 10 , 13 , 57 , 26 , 18 , 12 , 41 , 59 , 24 , 36 , 48 , 63 , 83 , 53 , 42 ,308,386,412,391,347,191,138,91,103,70,63,96,72,63,60,94,50
"Mongolia, People's Republic of", 0 , 0 , 0 , 0 , 0 , 0 , 0 , 0 , 0 , 0 , 1 , 1 , 1 , 0 , 1 , 1 , 8 , 1 , 0 , 1 ,17,17,20,28,34,59,64,82,59,118,169,103,68,99,93,45,49
"Tanzania, United Republic of", 635 , 832 , 621 , 474 , 473 , 460 , 403 , 538 , 532 , 662 , 739 , 577 , 398 , 407 , 286 , 313 , 264 , 211 , 138 , 157 ,200,300,298,319,309,274,291,194,230,136,200,215,224,182,133,158,49
Denmark, 272 , 293 , 299 , 106 , 93 , 73 , 93 , 109 , 129 , 129 , 118 , 111 , 158 , 186 , 93 , 111 , 70 , 83 , 63 , 81 ,93,81,70,89,89,62,101,97,108,81,92,93,93,81,69,75,48
"Botswana, Republic of", 10 , 1 , 3 , 3 , 7 , 4 , 2 , 3 , 8 , 8 , 2 , 2 , 4 , 4 , 0 , 2 , 3 , 2 , 0 , 2 ,3,2,4,4,9,7,11,8,28,15,42,53,64,77,103,96,47
"Bahama Islands, The", 26 , 23 , 38 , 12 , 21 , 28 , 23 , 18 , 22 , 32 , 18 , 29 , 16 , 20 , 21 , 17 , 30 , 17 , 14 , 13 ,14,20,17,14,13,14,18,21,30,27,25,40,60,55,61,74,46
Namibia, 0 , 5 , 5 , 3 , 2 , 1 , 1 , 4 , 3 , 2 , 2 , 4 , 0 , 5 , 0 , 9 , 2 , 0 , 0 , 4 ,9,9,10,7,9,6,19,13,26,14,16,22,24,83,120,102,43
Belize, 16 , 27 , 13 , 21 , 37 , 26 , 25 , 23 , 53 , 33 , 38 , 41 , 27 , 37 , 41 , 43 , 27 , 33 , 20 , 37 ,28,24,35,16,25,37,24,28,48,38,39,35,33,53,53,27,42
Finland, 208 , 205 , 170 , 70 , 83 , 69 , 68 , 92 , 89 , 78 , 73 , 63 , 76 , 98 , 99 , 76 , 58 , 82 , 55 , 63 ,70,53,59,64,54,67,51,62,89,63,63,72,62,76,68,83,42
Nicaragua, 18 , 21 , 27 , 55 , 126 , 468 , 670 ," 1,073 ", 969 , 705 , 710 ," 1,517 "," 2,062 "," 1,069 ", 261 , 251 , 248 , 195 , 124 , 144 ,140,108,69,88,67,79,96,76,123,114,91,122,106,96,118,96,41
"South Sudan, Republic Of", 0 , 0 , 0 , 0 , 0 , 0 , 0 , 0 , 0 , 0 , 0 , 0 , 0 , 0 , 0 , 0 , 0 , 0 , 0 , 0 ,0,0,0,0,0,0,0,0,0,0,0,0,6,30,27,60,41
Central African Republic, 4 , 3 , 1 , 0 , 0 , 0 , 0 , 2 , 3 , 4 , 6 , 2 , 11 , 4 , 4 , 4 , 6 , 9 , 17 , 6 ,12,6,20,10,13,49,18,30,28,19,25,18,44,169,129,456,38
Liberia, 1 , 2 , 2 , 1 , 4 , 4 , 3 , 4 , 3 , 7 , 5 , 11 , 52 , 37 , 40 , 55 , 59 , 61 , 28 , 36 ,55,60,57,139,409,579,356,153,74,94,162,106,58,39,60,155,38
"Niger, Republic of the", 0 , 0 , 1 , 1 , 0 , 0 , 0 , 4 , 0 , 1 , 1 , 7 , 7 , 4 , 2 , 13 , 7 , 14 , 12 , 19 ,20,23,30,30,38,59,57,75,75,82,80,90,95,105,62,77,38
Estonia, 0 , 0 , 0 , 0 , 0 , 0 , 0 , 0 , 0 , 0 , 14 , 4 , 30 , 51 , 39 , 70 , 89 , 73 , 50 , 54 ,58,30,38,56,27,26,18,34,34,26,28,15,26,45,32,53,36
Gambia, 0 , 0 , 1 , 0 , 0 , 2 , 4 , 22 , 3 , 6 , 12 , 21 , 51 , 43 , 15 , 23 , 19 , 25 , 17 , 18 ,23,22,10,10,10,29,38,32,25,10,37,24,18,33,36,42,34
Kuwait, 1 , 0 , 8 , 2 , 1 , 4 , 4 , 9 , 19 , 19 , 26 , 31 , 96 , 109 , 99 , 130 , 187 , 108 , 121 , 80 ,113,107,74,71,74,66,35,62,53,68,67,58,73,48,49,20,34
Gabon Republic, 2 , 3 , 2 , 2 , 1 , 0 , 0 , 5 , 3 , 4 , 10 , 5 , 3 , 8 , 4 , 5 , 9 , 12 , 14 , 20 ,16,26,24,42,33,67,68,101,86,86,64,63,74,90,68,57,33
Norway, 116 , 77 , 106 , 51 , 31 , 54 , 56 , 80 , 73 , 76 , 83 , 103 , 74 , 92 , 60 , 65 , 70 , 104 , 31 , 36 ,55,78,74,77,73,57,53,73,66,75,46,49,53,59,46,50,30
"Panama, Republic of", 13 , 8 , 14 , 10 , 11 , 17 , 16 , 26 , 21 , 108 , 116 , 658 , 611 , 420 , 103 , 63 , 73 , 70 , 37 , 22 ,45,50,49,54,38,57,73,63,52,73,65,49,34,43,59,39,30
Uruguay, 128 , 132 , 146 , 105 , 90 , 92 , 137 , 269 , 99 , 144 , 111 , 229 , 299 , 437 , 125 , 164 , 171 , 117 , 87 , 93 ,75,64,91,103,130,217,175,147,159,99,93,81,47,58,43,50,26
Zambia, 11 , 17 , 11 , 7 , 16 , 9 , 15 , 23 , 44 , 68 , 77 , 69 , 73 , 46 , 51 , 41 , 34 , 72 , 34 , 51 ,39,78,50,46,56,91,77,71,64,60,102,69,46,59,46,56,26
Angola, 1 , 3 , 6 , 6 , 4 , 3 , 5 , 5 , 11 , 6 , 8 , 23 , 26 , 22 , 8 , 26 , 38 , 27 , 58 , 49 ,70,169,168,165,268,295,184,106,76,62,61,39,70,45,21,30,24
Mauritania, 5 , 0 , 3 , 3 , 1 , 1 , 1 , 4 , 3 , 6 , 4 , 5 , 7 , 8 , 6 , 3 , 10 , 11 , 6 , 11 ,15,30,27,23,60,86,124,96,112,83,74,54,77,57,84,104,23
St. Kitts-Nevis, 5 , 3 , 0 , 16 , 21 , 17 , 36 , 43 , 39 , 45 , 32 , 31 , 52 , 29 , 20 , 20 , 18 , 22 , 12 , 9 ,11,11,8,12,8,11,3,10,25,11,21,12,21,17,24,23,22
Paraguay, 45 , 26 , 32 , 40 , 48 , 36 , 34 , 72 , 53 , 48 , 56 , 51 , 94 , 75 , 46 , 39 , 38 , 30 , 25 , 34 ,29,34,60,88,74,75,88,98,94,91,89,83,55,66,38,36,21
Antigua and Barbuda, 0 , 0 , 0 , 0 , 42 , 52 , 51 , 61 , 34 , 51 , 31 , 59 , 61 , 44 , 18 , 23 , 21 , 27 , 19 , 12 ,13,25,17,25,14,24,32,15,32,38,27,37,50,25,50,51,19
Malawi, 5 , 4 , 6 , 3 , 2 , 0 , 4 , 7 , 1 , 4 , 10 , 9 , 4 , 12 , 6 , 5 , 6 , 11 , 8 , 14 ,12,5,7,3,17,23,15,13,5,10,28,16,9,10,20,23,19
Macau, 0 , 0 , 0 , 0 , 0 , 0 , 0 , 0 , 0 , 0 , 0 , 0 , 0 , 0 , 0 , 0 , 0 , 0 , 0 , 0 ,1,15,28,21,21,21,32,16,12,21,21,13,33,29,37,21,16
Tajikistan, 0 , 0 , 0 , 0 , 0 , 0 , 0 , 0 , 0 , 0 , 0 , 0 , 0 , 5 , 5 , 5 , 2 , 11 , 4 , 4 ,5,20,9,7,14,85,46,44,15,50,52,47,34,39,24,43,16
United Arab Emirates, 0 , 2 , 2 , 1 , 2 , 0 , 5 , 4 , 1 , 17 , 7 , 23 , 27 , 11 , 13 , 8 , 33 , 27 , 25 , 24 ,27,41,37,32,41,31,42,37,33,37,86,60,54,46,40,33,15
Slovenia, 0 , 0 , 0 , 0 , 0 , 0 , 0 , 0 , 0 , 0 , 0 , 0 , 5 , 46 , 47 , 22 , 41 , 26 , 15 , 35 ,24,22,16,18,17,23,11,29,18,27,12,13,36,20,30,41,13
Bahrain, 0 , 2 , 1 , 1 , 1 , 3 , 0 , 2 , 10 , 9 , 6 , 9 , 9 , 11 , 14 , 10 , 17 , 28 , 14 , 27 ,34,13,17,15,12,12,12,22,9,35,28,21,39,32,25,33,12
Dominica, 104 , 81 , 94 , 65 , 81 , 79 , 50 , 89 , 75 , 96 , 77 , 127 , 125 , 106 , 57 , 77 , 66 , 68 , 56 , 67 ,72,82,62,63,50,59,72,79,60,59,43,36,43,48,34,28,12
"Montenegro, Republic of", 0 , 0 , 0 , 0 , 0 , 0 , 0 , 0 , 0 , 0 , 0 , 0 , 0 , 0 , 0 , 0 , 0 , 0 , 0 , 0 ,0,0,0,0,0,0,0,7,15,8,13,18,24,9,7,23,12
Laos, 11 , 6 , 16 , 16 , 7 , 17 , 21 , 20 , 22 , 44 , 34 , 33 , 63 , 44 , 52 , 40 , 24 , 31 , 16 , 31 ,36,40,49,22,38,41,74,53,32,39,54,22,25,15,28,19,11
Cyprus, 132 , 128 , 84 , 46 , 46 , 43 , 48 , 48 , 56 , 55 , 27 , 37 , 29 , 42 , 24 , 16 , 31 , 36 , 19 , 15 ,16,22,13,17,11,7,9,4,7,6,18,6,12,16,28,27,10
Swaziland, 4 , 1 , 1 , 0 , 10 , 7 , 1 , 2 , 7 , 3 , 4 , 1 , 4 , 2 , 3 , 5 , 2 , 4 , 3 , 4 ,2,2,1,0,8,7,7,5,6,10,3,13,17,40,38,36,10
Iceland, 17 , 33 , 10 , 9 , 13 , 6 , 11 , 11 , 7 , 3 , 2 , 11 , 17 , 15 , 11 , 9 , 14 , 11 , 20 , 17 ,9,26,11,17,23,10,2,15,13,15,30,38,42,72,38,32,9
Turkmenistan, 0 , 0 , 0 , 0 , 0 , 0 , 0 , 0 , 0 , 0 , 0 , 0 , 0 , 1 , 1 , 0 , 10 , 6 , 4 , 2 ,7,10,11,22,16,40,26,37,13,20,30,20,19,14,5,8,8
Comoros, 0 , 2 , 2 , 0 , 0 , 2 , 1 , 0 , 2 , 2 , 1 , 3 , 0 , 2 , 4 , 4 , 5 , 2 , 4 , 1 ,3,14,2,11,6,5,7,11,3,19,22,14,18,22,8,11,7
Lesotho, 1 , 1 , 1 , 2 , 7 , 5 , 3 , 1 , 6 , 5 , 1 , 4 , 4 , 7 , 2 , 3 , 9 , 2 , 1 , 4 ,1,0,2,2,2,4,0,4,1,8,7,1,0,6,2,1,7
"Equatorial Guinea, Republic of", 0 , 0 , 0 , 0 , 0 , 0 , 1 , 0 , 0 , 0 , 0 , 1 , 2 , 1 , 0 , 0 , 0 , 3 , 1 , 0 ,4,1,2,2,2,3,4,5,1,5,4,4,4,11,2,0,5
Brunei, 79 , 6 , 8 , 2 , 2 , 4 , 12 , 16 , 103 , 63 , 44 , 65 , 31 , 36 , 14 , 17 , 4 , 6 , 1 , 3 ,6,3,4,6,3,4,5,11,10,5,12,6,3,6,3,9,4
Malta, 191 , 242 , 153 , 64 , 60 , 68 , 76 , 78 , 111 , 68 , 38 , 29 , 28 , 12 , 10 , 15 , 21 , 12 , 15 , 13 ,10,24,16,28,28,28,24,7,21,18,17,8,9,4,9,10,4
Guinea-Bissau, 0 , 0 , 0 , 0 , 1 , 0 , 0 , 0 , 3 , 4 , 4 , 4 , 1 , 2 , 2 , 2 , 3 , 4 , 0 , 1 ,1,3,2,6,4,7,12,7,2,0,2,2,4,0,4,5,3
"Korea, People's Democratic Republic of", 1 , 1 , 3 , 1 , 4 , 3 , 0 , 0 , 0 , 0 , 1 , 4 , 16 , 0 , 1 , 0 , 0 , 4 , 1 , 4 ,6,8,11,18,15,14,10,7,19,11,45,97,66,17,13,12,3
Oman, 0 , 0 , 0 , 8 , 0 , 0 , 0 , 3 , 0 , 1 , 5 , 0 , 5 , 1 , 12 , 11 , 2 , 7 , 4 , 3 ,7,12,7,11,12,14,18,16,10,7,14,10,13,11,8,5,3
Luxembourg, 14 , 4 , 2 , 5 , 1 , 3 , 6 , 2 , 4 , 8 , 1 , 3 , 1 , 18 , 9 , 1 , 7 , 9 , 3 , 1 ,5,5,17,9,10,10,9,9,3,5,8,11,6,7,8,8,2
Mozambique, 0 , 0 , 7 , 2 , 3 , 1 , 3 , 1 , 5 , 5 , 3 , 6 , 6 , 8 , 3 , 5 , 1 , 2 , 8 , 8 ,3,2,5,3,8,5,9,5,5,12,7,3,4,12,3,8,2
Papua New Guinea, 0 , 2 , 2 , 4 , 2 , 2 , 1 , 1 , 3 , 0 , 1 , 2 , 4 , 0 , 5 , 1 , 2 , 0 , 0 , 1 ,4,2,0,4,1,1,0,0,9,1,3,0,3,3,0,7,2
Qatar, 0 , 0 , 0 , 0 , 0 , 0 , 1 , 0 , 1 , 0 , 2 , 6 , 5 , 3 , 2 , 4 , 4 , 7 , 3 , 7 ,4,21,4,4,5,11,2,5,9,6,18,3,14,6,9,0,2
"Samoa, Independent State Of", 3 , 7 , 4 , 1 , 3 , 0 , 3 , 0 , 1 , 1 , 2 , 3 , 1 , 5 , 3 , 2 , 2 , 3 , 4 , 0 ,1,2,2,3,3,2,0,1,4,2,5,3,2,0,1,2,2
Seychelles, 5 , 15 , 3 , 4 , 1 , 8 , 13 , 24 , 19 , 25 , 78 , 233 , 369 , 191 , 34 , 19 , 27 , 12 , 18 , 17 ,15,9,4,13,15,25,8,9,18,4,10,10,6,5,2,1,2
Czechoslovakia, 172 , 388 , 552 , 336 , 415 , 567 , 578 , 770 , 758 , 997 ," 1,218 ", 787 , 798 , 372 , 159 , 124 , 11 , 5 , 3 , 2 ,0,3,4,1,2,2,2,1,0,4,0,0,0,0,0,0,1
Monaco, 0 , 0 , 0 , 0 , 0 , 1 , 0 , 1 , 0 , 1 , 3 , 0 , 0 , 3 , 1 , 1 , 1 , 0 , 0 , 0 ,1,1,1,1,1,1,1,1,0,0,4,1,3,1,0,1,1
Nevis, 0 , 0 , 0 , 0 , 1 , 0 , 1 , 4 , 2 , 1 , 0 , 1 , 4 , 1 , 1 , 0 , 0 , 0 , 0 , 0 ,3,0,3,0,0,2,0,0,4,2,0,0,0,0,0,0,1
Pitcairn Island, 0 , 0 , 0 , 0 , 0 , 0 , 0 , 0 , 1 , 0 , 1 , 0 , 0 , 0 , 0 , 0 , 0 , 0 , 0 , 0 ,0,0,0,0,0,0,0,2,0,0,0,0,0,0,0,0,1
Surinam, 15 , 10 , 21 , 12 , 5 , 16 , 7 , 46 , 16 , 24 , 26 , 13 , 53 , 51 , 32 , 58 , 51 , 35 , 22 , 11 ,16,22,22,22,17,15,16,20,9,12,13,11,16,4,6,10,1
Western Sahara, 0 , 0 , 0 , 0 , 0 , 0 , 0 , 0 , 0 , 0 , 0 , 1 , 0 , 0 , 0 , 0 , 0 , 0 , 0 , 0 ,0,0,0,0,0,0,1,0,0,0,0,0,0,0,0,0,1
Yugoslavia, 735 , 785 , 805 , 492 , 487 , 492 , 485 ," 1,078 "," 1,364 "," 2,042 "," 1,987 "," 1,832 "," 3,178 "," 5,993 "," 3,923 "," 2,961 "," 1,874 "," 1,332 "," 1,142 "," 1,517 ","4,746","2,758","1,590",940,732,329,138,99,95,48,46,17,12,7,13,25,1
Africa NES, 0 , 0 , 1 , 0 , 4 , 0 , 0 , 0 , 0 , 0 , 0 , 1 , 0 , 2 , 2 , 0 , 1 , 1 , 0 , 0 ,0,3,5,5,0,4,0,0,0,0,0,0,0,0,0,0,0
Andorra, 0 , 0 , 0 , 0 , 0 , 0 , 2 , 0 , 0 , 0 , 3 , 0 , 1 , 0 , 0 , 0 , 0 , 0 , 2 , 0 ,0,1,0,2,0,0,1,1,0,0,0,0,1,1,0,2,0
Asia NES, 0 , 0 , 2 , 0 , 2 , 0 , 0 , 0 , 0 , 0 , 0 , 0 , 0 , 8 , 0 , 2 , 2 , 0 , 0 , 0 ,0,0,0,0,0,0,0,0,0,0,0,0,0,0,0,0,0
Cape Verde Islands, 1 , 1 , 2 , 0 , 11 , 1 , 9 , 3 , 1 , 7 , 14 , 16 , 15 , 11 , 9 , 4 , 7 , 16 , 9 , 3 ,4,5,2,13,3,5,7,2,5,1,3,3,6,2,0,3,0
Central America NES, 0 , 0 , 0 , 0 , 0 , 0 , 0 , 0 , 0 , 0 , 0 , 0 , 0 , 0 , 0 , 0 , 0 , 0 , 0 , 0 ,0,1,0,0,0,0,0,0,0,0,0,0,0,0,0,0,0
Commonwealth of the Northern Mariana Islands, 0 , 0 , 0 , 4 , 0 , 1 , 1 , 1 , 1 , 1 , 4 , 3 , 1 , 0 , 0 , 2 , 3 , 0 , 0 , 2 ,2,4,0,1,0,0,0,0,0,0,0,0,0,0,0,0,0
"East Timor, Democratic Republic of", 0 , 0 , 0 , 0 , 0 , 0 , 0 , 0 , 0 , 0 , 0 , 0 , 0 , 0 , 0 , 0 , 0 , 0 , 0 , 0 ,0,0,0,0,0,0,0,0,0,0,0,0,0,0,1,1,0
Europe NES, 0 , 0 , 0 , 0 , 2 , 0 , 0 , 0 , 0 , 0 , 0 , 0 , 0 , 1 , 0 , 0 , 0 , 1 , 0 , 0 ,0,0,1,1,0,1,1,0,1,2,2,0,0,0,0,1,0
Democratic Republic of Germany, 26 , 11 , 17 , 25 , 3 , 10 , 17 , 15 , 24 , 31 , 15 , 4 , 0 , 1 , 0 , 0 , 0 , 0 , 0 , 0 ,0,0,0,0,0,0,0,0,0,0,0,0,0,0,0,0,0
Kiribati, 0 , 0 , 0 , 1 , 0 , 0 , 0 , 0 , 0 , 2 , 0 , 0 , 0 , 1 , 0 , 1 , 1 , 0 , 2 , 0 ,1,1,0,0,0,1,0,0,1,1,0,0,2,0,0,0,0
Liechtenstein, 1 , 4 , 2 , 0 , 0 , 3 , 0 , 1 , 1 , 1 , 0 , 1 , 2 , 3 , 1 , 0 , 7 , 2 , 0 , 2 ,0,2,0,1,0,1,0,0,1,1,0,2,1,0,0,0,0
"Maldives, Republic of", 0 , 0 , 0 , 1 , 0 , 0 , 0 , 0 , 0 , 0 , 0 , 0 , 3 , 3 , 0 , 0 , 0 , 0 , 1 , 0 ,1,0,1,0,1,0,0,2,1,7,4,3,1,1,0,2,0
"Marshall Islands, Republic of the", 0 , 0 , 0 , 0 , 0 , 0 , 0 , 0 , 0 , 0 , 0 , 0 , 0 , 0 , 0 , 0 , 0 , 0 , 0 , 0 ,0,0,0,0,0,0,0,2,0,0,0,0,0,0,0,0,0
"Micronesia, Federated States of", 0 , 0 , 0 , 0 , 0 , 0 , 0 , 0 , 0 , 0 , 0 , 0 , 0 , 0 , 0 , 0 , 0 , 0 , 0 , 0 ,0,0,0,0,0,0,0,0,0,0,0,0,0,1,0,0,0
Nauru, 1 , 0 , 0 , 0 , 0 , 0 , 0 , 0 , 1 , 0 , 0 , 0 , 0 , 0 , 0 , 0 , 0 , 0 , 0 , 1 ,1,3,2,4,1,1,1,0,0,1,0,0,0,1,1,0,0
New Caledonia, 0 , 0 , 0 , 0 , 0 , 0 , 0 , 0 , 0 , 0 , 0 , 0 , 0 , 0 , 0 , 0 , 0 , 0 , 0 , 0 ,0,1,0,1,0,0,0,0,0,0,0,0,0,2,1,0,0
Ocean NES, 0 , 1 , 0 , 0 , 0 , 0 , 0 , 0 , 0 , 0 , 0 , 0 , 0 , 0 , 0 , 0 , 0 , 0 , 0 , 0 ,0,0,0,0,0,0,0,0,0,0,0,0,0,0,0,0,0
"Palau, Republic of", 0 , 0 , 0 , 0 , 0 , 0 , 0 , 0 , 0 , 0 , 0 , 0 , 0 , 0 , 0 , 0 , 0 , 0 , 0 , 0 ,0,0,0,0,0,0,0,1,0,0,0,0,0,0,0,2,0
Panama Canal Zone, 0 , 0 , 0 , 0 , 0 , 0 , 0 , 2 , 0 , 0 , 0 , 1 , 0 , 0 , 0 , 0 , 0 , 1 , 0 , 0 ,0,0,0,0,0,0,0,0,1,0,0,0,0,0,0,0,0
"Samoa, American", 0 , 1 , 0 , 0 , 0 , 0 , 0 , 1 , 0 , 1 , 2 , 0 , 0 , 0 , 0 , 0 , 0 , 0 , 0 , 0 ,0,0,0,0,0,0,1,0,0,0,0,0,0,0,0,0,0
San Marino, 1 , 0 , 0 , 0 , 0 , 0 , 1 , 0 , 0 , 0 , 1 , 0 , 0 , 0 , 0 , 0 , 0 , 0 , 0 , 0 ,0,0,0,1,0,0,0,0,0,0,1,0,0,0,0,0,0
Sao Tome and Principe, 0 , 0 , 0 , 0 , 0 , 0 , 0 , 0 , 0 , 0 , 0 , 0 , 0 , 0 , 0 , 0 , 0 , 2 , 0 , 0 ,1,0,0,0,1,1,1,0,0,1,2,0,0,1,1,0,0
Serbia and Montenegro, 0 , 0 , 0 , 0 , 0 , 0 , 0 , 0 , 0 , 0 , 0 , 0 , 0 , 0 , 0 , 0 , 0 , 0 , 0 , 0 ,0,0,0,0,29,437,691,792,456,204,109,39,32,34,17,18,0
Soloman Islands, 0 , 0 , 0 , 0 , 4 , 0 , 0 , 0 , 0 , 0 , 4 , 3 , 4 , 0 , 0 , 1 , 4 , 0 , 0 , 0 ,0,0,1,0,0,0,0,0,0,9,0,0,0,0,0,0,0
"Solomons, The", 0 , 0 , 0 , 0 , 0 , 0 , 0 , 0 , 0 , 0 , 0 , 0 , 0 , 0 , 0 , 0 , 0 , 0 , 0 , 0 ,0,0,5,0,0,1,6,5,12,5,5,10,0,3,1,1,0
South America NES, 0 , 0 , 1 , 0 , 1 , 0 , 0 , 0 , 0 , 0 , 0 , 1 , 0 , 0 , 0 , 0 , 0 , 0 , 0 , 0 ,0,0,0,0,0,0,0,0,0,0,0,0,0,0,0,0,0
Tonga, 2 , 4 , 7 , 1 , 2 , 5 , 7 , 0 , 4 , 9 , 7 , 4 , 4 , 5 , 7 , 9 , 8 , 8 , 2 , 6 ,0,6,2,5,5,2,0,1,0,5,5,2,3,5,2,10,0
Tuvalu, 0 , 1 , 0 , 0 , 1 , 0 , 0 , 0 , 1 , 0 , 0 , 0 , 1 , 0 , 0 , 0 , 0 , 0 , 0 , 0 ,0,0,0,0,2,0,0,1,0,0,0,1,0,0,0,0,0
Union of Soviet Socialist Republics, 167 , 120 , 104 , 63 , 45 , 51 , 71 , 180 , 338 , 682 ," 1,366 "," 1,973 "," 2,390 "," 1,347 ", 835 , 766 , 505 , 346 , 193 , 122 ,60,36,17,6,1,2,0,3,2,1,2,0,0,0,0,0,0
Vanuatu, 0 , 0 , 0 , 0 , 0 , 0 , 0 , 0 , 0 , 0 , 1 , 0 , 4 , 0 , 0 , 0 , 0 , 0 , 0 , 0 ,0,1,0,1,1,1,1,0,0,1,0,0,0,0,2,1,0
West Indies NES, 0 , 1 , 0 , 0 , 0 , 0 , 0 , 0 , 0 , 0 , 0 , 0 , 0 , 0 , 0 , 0 , 0 , 0 , 0 , 0 ,0,0,0,0,0,0,0,0,0,0,0,0,0,0,0,0,0
Other countries of citizenship, 0 , 0 , 0 , 0 , 0 , 0 , 0 , 0 , 0 , 0 , 3 , 3 , 4 , 3 , 1 , 1 , 1 , 0 , 0 , 0 ,5,4,10,4,0,1,4,3,3,2,8,20,28,29,21,18,5
Country of citizenship not stated, 0 , 11 , 21 , 0 , 0 , 0 , 1 , 0 , 1 , 1 , 4 , 7 , 7 , 2 , 7 , 25 , 6 , 5 , 8 , 18 ,357,160,230,197,218,216,340,144,123,122,160,228,197,64,14,34,133
Total," 143,138 "," 128,641 "," 121,178 "," 89,185 "," 88,272 "," 84,347 "," 99,352 "," 152,077 "," 161,585 "," 191,550 "," 216,451 "," 232,790 "," 254,787 "," 256,637 "," 224,382 "," 212,862 "," 226,071 "," 216,036 "," 174,195 "," 189,950 ","227,470","250,656","229,123","221,396","235,858","262,246","251,649","236,762","247,261","252,218","280,730","248,732","257,809","259,039","260,282","271,847","172,320"
,,,,,,,,,,,,,,,,,,,,,,,,,,,,,,,,,,,,,
"* Data for 2015 and 2016 are preliminary estimates and are subject to change. For 1980-2014, these are updated numbers and different from those of Facts and Figures 2014.",,,,,,,,,,,,,,,,,,,,,,,,,,,,,,,,,,,,,
,,,,,,,,,,,,,,,,,,,,,,,,,,,,,,,,,,,,,
"Source: IRCC, June 30, 2016 Data",,,,,,,,,,,,,,,,,,,,,,,,,,,,,,,,,,,,,